{
    "CLAIM_TARGET_BALANCE": 100,
    "BALANCE_INCREASE_RATE": 0.28738545215810163,
    "ETCPOW_INCREMENT": 0.0010265675686773703
}