{
    "CLAIM_TARGET_BALANCE": 100,
    "BALANCE_INCREASE_RATE": 0.29802935779358686,
    "ETCPOW_INCREMENT": 0.001064588589739495
}