{
    "CLAIM_TARGET_BALANCE": 100,
    "BALANCE_INCREASE_RATE": 0.1959705966008526,
    "ETCPOW_INCREMENT": 0.0007000252009072326
}