{
    "CLAIM_TARGET_BALANCE": 100,
    "BALANCE_INCREASE_RATE": 0.21756088303894547,
    "ETCPOW_INCREMENT": 0.0007771477124657085
}