{
    "CLAIM_TARGET_BALANCE": 100,
    "BALANCE_INCREASE_RATE": 0.26957122175996956,
    "ETCPOW_INCREMENT": 0.0009629334805551633
}