{
    "CLAIM_TARGET_BALANCE": 100,
    "BALANCE_INCREASE_RATE": 0.2342797625436218,
    "ETCPOW_INCREMENT": 0.0008368691053032395
}