{
    "CLAIM_TARGET_BALANCE": 100,
    "BALANCE_INCREASE_RATE": 0.2736244554898789,
    "ETCPOW_INCREMENT": 0.0009774120084839362
}