{
    "CLAIM_TARGET_BALANCE": 100,
    "BALANCE_INCREASE_RATE": 0.19893685184708146,
    "ETCPOW_INCREMENT": 0.0007106209405778769
}