{
    "CLAIM_TARGET_BALANCE": 100,
    "BALANCE_INCREASE_RATE": 0.28808536801820417,
    "ETCPOW_INCREMENT": 0.0010290677332382018
}