{
    "CLAIM_TARGET_BALANCE": 100,
    "BALANCE_INCREASE_RATE": 0.2852371644761867,
    "ETCPOW_INCREMENT": 0.00101889368523657
}