{
    "CLAIM_TARGET_BALANCE": 100,
    "BALANCE_INCREASE_RATE": 0.23423337051143492,
    "ETCPOW_INCREMENT": 0.000836703388648724
}