{
    "CLAIM_TARGET_BALANCE": 100,
    "BALANCE_INCREASE_RATE": 0.22552498018736822,
    "ETCPOW_INCREMENT": 0.0008055962083271795
}