{
    "CLAIM_TARGET_BALANCE": 100,
    "BALANCE_INCREASE_RATE": 0.26077568806938856,
    "ETCPOW_INCREMENT": 0.0009315150160220583
}