{
    "CLAIM_TARGET_BALANCE": 100,
    "BALANCE_INCREASE_RATE": 0.16648536538814163,
    "ETCPOW_INCREMENT": 0.0005947012121993041
}