{
    "CLAIM_TARGET_BALANCE": 100,
    "BALANCE_INCREASE_RATE": 0.17086212929116662,
    "ETCPOW_INCREMENT": 0.0006103354200023193
}