{
    "CLAIM_TARGET_BALANCE": 100,
    "BALANCE_INCREASE_RATE": 0.172431271294861,
    "ETCPOW_INCREMENT": 0.0006159405412064223
}