{
    "CLAIM_TARGET_BALANCE": 100,
    "BALANCE_INCREASE_RATE": 0.2151079325482354,
    "ETCPOW_INCREMENT": 0.000768385545131125
}