{
    "CLAIM_TARGET_BALANCE": 100,
    "BALANCE_INCREASE_RATE": 0.2191733409454783,
    "ETCPOW_INCREMENT": 0.0007829075621041423
}