{
    "CLAIM_TARGET_BALANCE": 100,
    "BALANCE_INCREASE_RATE": 0.20873099013282978,
    "ETCPOW_INCREMENT": 0.000745606513618503
}