{
    "CLAIM_TARGET_BALANCE": 100,
    "BALANCE_INCREASE_RATE": 0.6035094495320135,
    "ETCPOW_INCREMENT": 0.0021557918942224775
}