{
    "CLAIM_TARGET_BALANCE": 100,
    "BALANCE_INCREASE_RATE": 0.2353050569092394,
    "ETCPOW_INCREMENT": 0.0008405315521535819
}