{
    "CLAIM_TARGET_BALANCE": 100,
    "BALANCE_INCREASE_RATE": 0.07599999999999998,
    "ETCPOW_INCREMENT": 0.0002714285714285714
}