{
    "CLAIM_TARGET_BALANCE": 100,
    "BALANCE_INCREASE_RATE": 0.2743224770600061,
    "ETCPOW_INCREMENT": 0.0009799054064647626
}