{
    "CLAIM_TARGET_BALANCE": 100,
    "BALANCE_INCREASE_RATE": 0.23853166386020294,
    "ETCPOW_INCREMENT": 0.0008520572923323364
}