{
    "CLAIM_TARGET_BALANCE": 100,
    "BALANCE_INCREASE_RATE": 0.2441441735980901,
    "ETCPOW_INCREMENT": 0.0008721056992107444
}