{
    "CLAIM_TARGET_BALANCE": 70,
    "BALANCE_INCREASE_RATE": 0.05939393939393939,
    "ETCPOW_INCREMENT": 0.0002121212121212121
}