{
    "CLAIM_TARGET_BALANCE": 100,
    "BALANCE_INCREASE_RATE": 0.2894246442580735,
    "ETCPOW_INCREMENT": 0.0010338517525510292
}