{
    "CLAIM_TARGET_BALANCE": 100,
    "BALANCE_INCREASE_RATE": 0.2474641257495285,
    "ETCPOW_INCREMENT": 0.000883964877128882
}