{
    "CLAIM_TARGET_BALANCE": 100,
    "BALANCE_INCREASE_RATE": 2.44140625,
    "ETCPOW_INCREMENT": 0.0006327271806942283
}