{
    "CLAIM_TARGET_BALANCE": 100,
    "BALANCE_INCREASE_RATE": 0.2882257604977453,
    "ETCPOW_INCREMENT": 0.0010295692282349066
}