{
    "CLAIM_TARGET_BALANCE": 100,
    "BALANCE_INCREASE_RATE": 0.25130200150472626,
    "ETCPOW_INCREMENT": 0.0008976741263386565
}