{
    "CLAIM_TARGET_BALANCE": 100,
    "BALANCE_INCREASE_RATE": 0.07492957746478873,
    "ETCPOW_INCREMENT": 0.0002676056338028169
}