{
    "CLAIM_TARGET_BALANCE": 100,
    "BALANCE_INCREASE_RATE": 0.25103533978835874,
    "ETCPOW_INCREMENT": 0.0008967215858820154
}