{
    "CLAIM_TARGET_BALANCE": 100,
    "BALANCE_INCREASE_RATE": 0.07466666666666667,
    "ETCPOW_INCREMENT": 0.0002666666666666667
}