{
    "CLAIM_TARGET_BALANCE": 100,
    "BALANCE_INCREASE_RATE": 0.22999776805031036,
    "ETCPOW_INCREMENT": 0.0008215734226474929
}