{
    "CLAIM_TARGET_BALANCE": 100,
    "BALANCE_INCREASE_RATE": 0.20055586996994682,
    "ETCPOW_INCREMENT": 0.0007164042239193042
}