{
    "CLAIM_TARGET_BALANCE": 100,
    "BALANCE_INCREASE_RATE": 0.20647207559482397,
    "ETCPOW_INCREMENT": 0.000737537460756861
}