{
    "CLAIM_TARGET_BALANCE": 100,
    "BALANCE_INCREASE_RATE": 4.492362982929021,
    "ETCPOW_INCREMENT": 0.0006327271806942283
}