{
    "CLAIM_TARGET_BALANCE": 100,
    "BALANCE_INCREASE_RATE": 0.2470506518552102,
    "ETCPOW_INCREMENT": 0.0008824879099156342
}