{
    "CLAIM_TARGET_BALANCE": 100,
    "DAYS_TO_REACH_TARGET": 22.259999999999998,
    "ETCPOW_INCREMENT": 0.0006327271806942283
}