{
    "CLAIM_TARGET_BALANCE": 100,
    "BALANCE_INCREASE_RATE": 0.20854698890739534,
    "ETCPOW_INCREMENT": 0.0007449492441248337
}