{
    "CLAIM_TARGET_BALANCE": 100,
    "BALANCE_INCREASE_RATE": 0.2805023763535087,
    "ETCPOW_INCREMENT": 0.0010019805816163282
}