{
    "CLAIM_TARGET_BALANCE": 100,
    "BALANCE_INCREASE_RATE": 0.19940635891482578,
    "ETCPOW_INCREMENT": 0.000712298063498998
}