{
    "CLAIM_TARGET_BALANCE": 100,
    "BALANCE_INCREASE_RATE": 0.27747560898023604,
    "ETCPOW_INCREMENT": 0.0009911686869988404
}