{
    "CLAIM_TARGET_BALANCE": 100,
    "BALANCE_INCREASE_RATE": 0.24855610865365543,
    "ETCPOW_INCREMENT": 0.0008878655416423736
}