{
    "CLAIM_TARGET_BALANCE": 100,
    "BALANCE_INCREASE_RATE": 0.24354097613398112,
    "ETCPOW_INCREMENT": 0.000869951021757475
}