{
    "CLAIM_TARGET_BALANCE": 100,
    "BALANCE_INCREASE_RATE": 0.2219284279704965,
    "ETCPOW_INCREMENT": 0.0007927489892450387
}