{
    "CLAIM_TARGET_BALANCE": 100,
    "BALANCE_INCREASE_RATE": 0.2825796753661602,
    "ETCPOW_INCREMENT": 0.0010094008869269127
}