{
    "CLAIM_TARGET_BALANCE": 100,
    "BALANCE_INCREASE_RATE": 0.2806354735664879,
    "ETCPOW_INCREMENT": 0.0010024560172422435
}