{
    "CLAIM_TARGET_BALANCE": 100,
    "BALANCE_INCREASE_RATE": 0.23280427496216224,
    "ETCPOW_INCREMENT": 0.0008315985264074112
}