{
    "CLAIM_TARGET_BALANCE": 60,
    "BALANCE_INCREASE_RATE": 0.06704225352112676,
    "ETCPOW_INCREMENT": 0.00023943661971830986
}