{
    "CLAIM_TARGET_BALANCE": 100,
    "BALANCE_INCREASE_RATE": 0.17755606740959867,
    "ETCPOW_INCREMENT": 0.0006342467896541664
}