{
    "CLAIM_TARGET_BALANCE": 100,
    "BALANCE_INCREASE_RATE": 0.20589704457489058,
    "ETCPOW_INCREMENT": 0.0007354833964623249
}