{
    "CLAIM_TARGET_BALANCE": 100,
    "BALANCE_INCREASE_RATE": 0.2413052878585774,
    "ETCPOW_INCREMENT": 0.0008619649352664334
}