{
    "CLAIM_TARGET_BALANCE": 100,
    "BALANCE_INCREASE_RATE": 0.2233531950684944,
    "ETCPOW_INCREMENT": 0.0007978383898557508
}