{
    "CLAIM_TARGET_BALANCE": 100,
    "BALANCE_INCREASE_RATE": 0.2182432695724624,
    "ETCPOW_INCREMENT": 0.0007795852606413388
}