{
    "CLAIM_TARGET_BALANCE": 100,
    "BALANCE_INCREASE_RATE": 0.20419101002636741,
    "ETCPOW_INCREMENT": 0.0007293892823538851
}