{
    "CLAIM_TARGET_BALANCE": 100,
    "BALANCE_INCREASE_RATE": 0.27611543442641134,
    "ETCPOW_INCREMENT": 0.0009863100169645322
}