{
    "CLAIM_TARGET_BALANCE": 100,
    "BALANCE_INCREASE_RATE": 0.07766423357664233,
    "ETCPOW_INCREMENT": 0.0002773722627737226
}