{
    "CLAIM_TARGET_BALANCE": 100,
    "BALANCE_INCREASE_RATE": 0.24379194581260233,
    "ETCPOW_INCREMENT": 0.0008708475087955598
}