{
    "CLAIM_TARGET_BALANCE": 100,
    "BALANCE_INCREASE_RATE": 0.24684443261326092,
    "ETCPOW_INCREMENT": 0.0008817512756001787
}