{
    "CLAIM_TARGET_BALANCE": 100,
    "BALANCE_INCREASE_RATE": 0.23479129040943755,
    "ETCPOW_INCREMENT": 0.000838696330423989
}