{
    "CLAIM_TARGET_BALANCE": 70,
    "BALANCE_INCREASE_RATE": 0.06363636363636363,
    "ETCPOW_INCREMENT": 0.00022727272727272727
}