{
    "CLAIM_TARGET_BALANCE": 100,
    "BALANCE_INCREASE_RATE": 0.20408532109778232,
    "ETCPOW_INCREMENT": 0.000729011751669437
}