{
    "CLAIM_TARGET_BALANCE": 100,
    "BALANCE_INCREASE_RATE": 0.19708072660492273,
    "ETCPOW_INCREMENT": 0.0007039906885498261
}