{
    "CLAIM_TARGET_BALANCE": 100,
    "BALANCE_INCREASE_RATE": 0.30708165137142945,
    "ETCPOW_INCREMENT": 0.0010969242244745733
}