{
    "CLAIM_TARGET_BALANCE": 100,
    "BALANCE_INCREASE_RATE": 0.20958159480558938,
    "ETCPOW_INCREMENT": 0.0007486449526357293
}