{
    "CLAIM_TARGET_BALANCE": 100,
    "BALANCE_INCREASE_RATE": 0.2961638760848138,
    "ETCPOW_INCREMENT": 0.0010579249155423275
}