{
    "CLAIM_TARGET_BALANCE": 100,
    "BALANCE_INCREASE_RATE": 0.16869345708538883,
    "ETCPOW_INCREMENT": 0.0006025887211460434
}