{
    "CLAIM_TARGET_BALANCE": 70,
    "BALANCE_INCREASE_RATE": 0.06686567164179105,
    "ETCPOW_INCREMENT": 0.00023880597014925374
}