{
    "CLAIM_TARGET_BALANCE": 100,
    "BALANCE_INCREASE_RATE": 0.28773498445213974,
    "ETCPOW_INCREMENT": 0.0010278161305463528
}