{
    "CLAIM_TARGET_BALANCE": 100,
    "BALANCE_INCREASE_RATE": 0.21624835851604135,
    "ETCPOW_INCREMENT": 0.0007724592527744161
}