{
    "CLAIM_TARGET_BALANCE": 100,
    "BALANCE_INCREASE_RATE": 0.25742731688416676,
    "ETCPOW_INCREMENT": 0.0009195543226716118
}