{
    "CLAIM_TARGET_BALANCE": 100,
    "BALANCE_INCREASE_RATE": 0.2898501644407612,
    "ETCPOW_INCREMENT": 0.001035371750226919
}