{
    "CLAIM_TARGET_BALANCE": 100,
    "BALANCE_INCREASE_RATE": 0.22126422018008726,
    "ETCPOW_INCREMENT": 0.0007903763772308374
}