{
    "CLAIM_TARGET_BALANCE": 100,
    "BALANCE_INCREASE_RATE": 0.2359151418194548,
    "ETCPOW_INCREMENT": 0.0008427108322050372
}