{
    "CLAIM_TARGET_BALANCE": 100,
    "BALANCE_INCREASE_RATE": 0.2525359780279134,
    "ETCPOW_INCREMENT": 0.000902082005268159
}