{
    "CLAIM_TARGET_BALANCE": 100,
    "BALANCE_INCREASE_RATE": 0.07411764705882354,
    "ETCPOW_INCREMENT": 0.0002647058823529412
}