{
    "CLAIM_TARGET_BALANCE": 100,
    "BALANCE_INCREASE_RATE": 0.07887323943661972,
    "ETCPOW_INCREMENT": 0.00028169014084507044
}