{
    "CLAIM_TARGET_BALANCE": 500,
    "BALANCE_INCREASE_RATE": 0.1668140630493226,
    "ETCPOW_INCREMENT": 0.0005958753508216128
}