{
    "CLAIM_TARGET_BALANCE": 100,
    "BALANCE_INCREASE_RATE": 0.2528598805221775,
    "ETCPOW_INCREMENT": 0.000903239015108178
}