{
    "CLAIM_TARGET_BALANCE": 100,
    "BALANCE_INCREASE_RATE": 0.23624496127077022,
    "ETCPOW_INCREMENT": 0.0008438889779660588
}