{
    "CLAIM_TARGET_BALANCE": 50,
    "BALANCE_INCREASE_RATE": 0.09263157894736843,
    "ETCPOW_INCREMENT": 1.6901408450704225
}