{
    "CLAIM_TARGET_BALANCE": 100,
    "BALANCE_INCREASE_RATE": 0.23723997614976863,
    "ETCPOW_INCREMENT": 0.000847443263673497
}