{
    "CLAIM_TARGET_BALANCE": 100,
    "BALANCE_INCREASE_RATE": 0.23582107677088246,
    "ETCPOW_INCREMENT": 0.0008423748231012872
}