{
    "CLAIM_TARGET_BALANCE": 100,
    "BALANCE_INCREASE_RATE": 0.21990677097652842,
    "ETCPOW_INCREMENT": 0.0007855274424012003
}