{
    "CLAIM_TARGET_BALANCE": 100,
    "BALANCE_INCREASE_RATE": 0.28914165756117,
    "ETCPOW_INCREMENT": 0.0010328408977453084
}