{
    "CLAIM_TARGET_BALANCE": 100,
    "BALANCE_INCREASE_RATE": 0.2102147718291712,
    "ETCPOW_INCREMENT": 0.0007509067198642361
}