{
    "CLAIM_TARGET_BALANCE": 100,
    "BALANCE_INCREASE_RATE": 0.24485169138537496,
    "ETCPOW_INCREMENT": 0.0008746330185626281
}