{
    "CLAIM_TARGET_BALANCE": 100,
    "BALANCE_INCREASE_RATE": 0.2515157391202948,
    "ETCPOW_INCREMENT": 0.0008984376169840647
}