{
    "CLAIM_TARGET_BALANCE": 50,
    "BALANCE_INCREASE_RATE": 0.0867605633802817,
    "ETCPOW_INCREMENT": 0.00030985915492957747
}