{
    "CLAIM_TARGET_BALANCE": 100,
    "BALANCE_INCREASE_RATE": 0.21036431105864242,
    "ETCPOW_INCREMENT": 0.0007514408879025532
}