{
    "CLAIM_TARGET_BALANCE": 50,
    "BALANCE_INCREASE_RATE": 473.2394366197183,
    "ETCPOW_INCREMENT": 1.6901408450704225
}