{
    "CLAIM_TARGET_BALANCE": 100,
    "BALANCE_INCREASE_RATE": 0.16780798993938806,
    "ETCPOW_INCREMENT": 0.0005994257501313742
}