{
    "CLAIM_TARGET_BALANCE": 100,
    "BALANCE_INCREASE_RATE": 0.2781934433402508,
    "ETCPOW_INCREMENT": 0.0009937328581081976
}