{
    "CLAIM_TARGET_BALANCE": 100,
    "BALANCE_INCREASE_RATE": 0.16917598985737217,
    "ETCPOW_INCREMENT": 0.0006043123730944016
}