{
    "CLAIM_TARGET_BALANCE": 50,
    "BALANCE_INCREASE_RATE": 0.07098591549295775,
    "ETCPOW_INCREMENT": 0.0002535211267605634
}